filename,asset_id,title,artist,museum,asset_path,thumbnail_url,dominant_hex,dom_r,dom_g,dom_b,aspect_ratio,color_label,color_hex,color_r,color_g,color_b,color_value
4wGVfymXKqo7Gw.jpg,4wGVfymXKqo7Gw,Le Chahut,Georges Seurat,Kröller-Müller Museum,/asset/le-chahut-georges-seurat/4wGVfymXKqo7Gw,https://lh3.googleusercontent.com/ci/AL18g_SuAfvJgrtVeAZtEOIEB0HnTCgHSZWxRo3O4DAAVyYTR-VDzVu-cwt8l_PovaciZ_pxNnH8yQ=w128-h128-c,#e1b9c3,225,185,195,0.8235971,PINK,#F48FB1,244,143,177,2
agHe2bazFRwvIA.jpg,agHe2bazFRwvIA,Free and Leisure-10,Yue Minjun,Today Art Museum,/asset/free-and-leisure-10-yue-minjun/agHe2bazFRwvIA,https://lh3.googleusercontent.com/ci/AL18g_R5vQph3DtECoj6woq2WNd_t4VdGRmVEq-t1P5qo7txbGXjn-tJbp7aX_1NWHmJ3HBK2ws8SQ=w128-h128-c,#e0b8c4,224,184,196,1.3625233,PINK,#F48FB1,244,143,177,2
xAHaq7RH2s9gNg.jpg,xAHaq7RH2s9gNg,Festival of Saint John,Unknown,Projeto Portinari,/asset/festival-of-saint-john/xAHaq7RH2s9gNg,https://lh3.googleusercontent.com/ci/AL18g_RlrnKEmIGprOKv9sNKKikJ5B7hDpIot_9Za7DqgrPoXpP2bcLkABmEQTbtVUvfoYO_WZVhdwo=w128-h128-c,#e0b8c4,224,184,196,1.2094694,PINK,#F48FB1,244,143,177,2
tgERT06yiMMcgg.jpg,tgERT06yiMMcgg,Untitled (Hibiscus),Georgia O'Keeffe,Georgia O'Keeffe Museum,/asset/untitled-hibiscus-georgia-o-keeffe/tgERT06yiMMcgg,https://lh3.googleusercontent.com/ci/AL18g_TLWU8_3d2qeaLnIfD5kkAfBsVYXDKKRkRPrKtb5ZjR9XK05XxVqE4NPKX3BnjnlniPBhNKJg=w128-h128-c,#e0b8c5,224,184,197,0.8359764,PINK,#F48FB1,244,143,177,2
NwHcGXN9xgacLA.jpg,NwHcGXN9xgacLA,"With Red Swallow-Patterned Wallpaper, 1915",Alexei Jawlensky,Albertina Museum,/asset/with-red-swallow-patterned-wallpaper-1915-alexei-jawlensky/NwHcGXN9xgacLA,https://lh3.googleusercontent.com/ci/AL18g_T_8ajUKl1Cx3-EgDE1VpqvmbWGJYFgCLjjoUB74AcUATcGnvxXLD8i9Sx9gmHu4JWnbuC-WQ=w128-h128-c,#e0b8c5,224,184,197,1.4761544,PINK,#F48FB1,244,143,177,2
MwHvy-HH4O6BGw.jpg,MwHvy-HH4O6BGw,Super-Chess,Paul Klee,Kunsthaus Zürich,/asset/super-chess-paul-klee/MwHvy-HH4O6BGw,https://lh3.googleusercontent.com/ci/AL18g_QmT0H7D8iTeeD2opSC1y2hRf_zuuv2wnVEQwIOvNn_tTn-FYsWEVcix2Bvq5Jx4AMOeAr1=w128-h128-c,#e0b8c5,224,184,197,0.91,PINK,#F48FB1,244,143,177,2
zwG8B02oNEoFqg.jpg,zwG8B02oNEoFqg,Woman in Red,Chang Yu ( Sanyu),Long Museum West Bund,/asset/woman-in-red-chang-yu-sanyu/zwG8B02oNEoFqg,https://lh3.googleusercontent.com/ci/AL18g_Qe_zMfwJl2a2snCU7degrvh681aIcfvX-nKFMSAFpz8rnJX6mHDVC19ty42lpCCdaWViyX-mw=w128-h128-c,#e0b8c5,224,184,197,0.67574644,PINK,#F48FB1,244,143,177,2
DAH7M4MlLjxWvg.jpg,DAH7M4MlLjxWvg,Untitled (Mt. Fuji),Georgia O'Keeffe,Georgia O'Keeffe Museum,/asset/untitled-mt-fuji-georgia-o-keeffe/DAH7M4MlLjxWvg,https://lh3.googleusercontent.com/ci/AL18g_SucNhd0d66AMGZdeCqs5gqBTfIwRmbJtR8eTWLQqlC_UOyRFnviPUG6ZiFrJEJ3-UNLUtX=w128-h128-c,#e1b9c3,225,185,195,1.5012673,PINK,#F48FB1,244,143,177,2
4AHL2EWDvLy_QA.jpg,4AHL2EWDvLy_QA,Dove No. 2,Hilma af Klint,Olomouc Museum of Art,/asset/dove-no-2-hilma-af-klint/4AHL2EWDvLy_QA,https://lh3.googleusercontent.com/ci/AL18g_SEMKhJ-k3hfgSiwQET_iL0_l85FXS9Djd0-vCHyhqpJHBw27CrgqLuK7J3eWv3Y5barhvD=w128-h128-c,#e0b8c5,224,184,197,0.756238,PINK,#F48FB1,244,143,177,2
TgG6N_QWmcWvsQ.jpg,TgG6N_QWmcWvsQ,Dog in the Bush,Riyas Komu,National Gallery of Modern Art,/asset/dog-in-the-bush-riyas-komu/TgG6N_QWmcWvsQ,https://lh3.googleusercontent.com/ci/AL18g_T_gHJPYsQo2CioZa7JvgJWwwkzLTe8KwEbCZVuBGN9_H-JRTxlVt08w_alyXGvnQM0KLDPqA=w128-h128-c,#e0b8c5,224,184,197,3.1940217,PINK,#F48FB1,244,143,177,2
KQG3kZgnCBYEdQ.jpg,KQG3kZgnCBYEdQ,Rug,Philip Guston,"National Gallery of Art, Washington DC",/asset/rug-philip-guston/KQG3kZgnCBYEdQ,https://lh3.googleusercontent.com/ci/AL18g_QjbE3wPtwFDUXFTWi3OcfUK9MXPhLFnlYB5ymPIDyx4JJlYCtkR2GEvS3dDg82_9jo8mlY8w=w128-h128-c,#e1b9c3,225,185,195,1.3833164,PINK,#F48FB1,244,143,177,2
-QEeeNIk6jDmAQ.jpg,-QEeeNIk6jDmAQ,"Rosa, Ignez and Francisca",Nathália Ferreira,Pinacoteca de São Paulo,/asset/rosa-ignez-and-francisca-nathália-ferreira/-QEeeNIk6jDmAQ,https://lh3.googleusercontent.com/ci/AL18g_SS1LX0Mz60b2p9iPhGuAKO94d9_huPDCohTtD1B87w9pAnXMgdz9bDUSMste8-t2eWGHDt-rc=w128-h128-c,#e1b9c3,225,185,195,1.6033906,PINK,#F48FB1,244,143,177,2
tQEdFHLiFiwT3Q.jpg,tQEdFHLiFiwT3Q,pink painter two,Vania Elettra Tam,Frattura Scomposta contemporary art,/asset/pink-painter-two-vania-elettra-tam/tQEdFHLiFiwT3Q,https://lh3.googleusercontent.com/ci/AL18g_QxocN-Yy8AzXJqn33ZZoLCh-uw1-V81JRI9fZ1z7n73Ct8vsFQCZ176P_jDbCMNcnBj5v8=w128-h128-c,#e0b8c6,224,184,198,0.7144858,PINK,#F48FB1,244,143,177,2
TgEHEhVw7ra_3Q.jpg,TgEHEhVw7ra_3Q,The Way It Is (III),Tonia Nneji,Rele Arts Foundation,/asset/the-way-it-is-iii-tonia-nneji/TgEHEhVw7ra_3Q,https://lh3.googleusercontent.com/ci/AL18g_RTBoGVsw0riK-RmG-cBY_RVuNhO5Bnn2zcagtHZgnlluDsrw83jjc9Bq6q60uZdCzuqObp=w128-h128-c,#eed6ec,238,214,236,1.026616,PINK,#F48FB1,244,143,177,2
2gGGSncgJym9cg.jpg,2gGGSncgJym9cg,Two Men with Handcart,Unknown,Peabody Essex Museum,/asset/two-men-with-handcart/2gGGSncgJym9cg,https://lh3.googleusercontent.com/ci/AL18g_RjcSHjGyeWlYp-w3IX6xB7a6zmvTS9m9MR6AtKmkgh6meXjiglbrbmWToaX5SzFqEL8iE_up8=w128-h128-c,#e0b8c4,224,184,196,0.8,PINK,#F48FB1,244,143,177,2
1QHhNlVlrhGLqw.jpg,1QHhNlVlrhGLqw,"Şerife 6, 7, 8",Ipek Duben,Istanbul Modern,/asset/Şerife-6-7-8-ipek-duben/1QHhNlVlrhGLqw,https://lh3.googleusercontent.com/ci/AL18g_TfmPGX_m1UYcXu5FxSheUCIgPujZNc4h6W_dngraB1N2fRcn8N2IusKKfq_jgCZDWtMKxU3io=w128-h128-c,#e0b8d7,224,184,215,1.8781631,PINK,#F48FB1,244,143,177,2
DAHiG4ClqTmQZQ.jpg,DAHiG4ClqTmQZQ,Prague: Tribute to the arts,Arturo Tejero Esteban,Asociación Española de Pintores y Escultores,/asset/prague-tribute-to-the-arts-arturo-tejero-esteban/DAHiG4ClqTmQZQ,https://lh3.googleusercontent.com/ci/AL18g_R9jPYSUUADiomap2Dfj3ZuLFom0Wk_m4WQL32ZWLc6jx7ig9w42-ga49UPZ6EDJsYhT8bDTA=w128-h128-c,#e0b8c6,224,184,198,1.2259358,PINK,#F48FB1,244,143,177,2
ZwGE0nxbrIQizA.jpg,ZwGE0nxbrIQizA,Painter's Table,Philip Guston,"National Gallery of Art, Washington DC",/asset/painter-s-table-philip-guston/ZwGE0nxbrIQizA,https://lh3.googleusercontent.com/ci/AL18g_TIy0fWVMVmOciKO2KnfV_vLJ0jkxKNhJMj2vXN0Ku8E-PSh0izyFwKs6Trf5dZZAgXg5bkgg=w128-h128-c,#e1b9c3,225,185,195,1.163967,PINK,#F48FB1,244,143,177,2
4QHx5r6dSfRKkw.jpg,4QHx5r6dSfRKkw,Javits Center Abstracted,Elsie Driggs,James A. Michener Art Museum,/asset/javits-center-abstracted-elsie-driggs/4QHx5r6dSfRKkw,https://lh3.googleusercontent.com/ci/AL18g_SN5zzud7Doorscm4jZjpV6t9OqXLjgX4aol2QvFWVDzPD7p92a54K4OH1IA1C1V3THBQ5MNw=w128-h128-c,#e0b8c5,224,184,197,1.740818,PINK,#F48FB1,244,143,177,2
EwGDcglMxF3VEA.jpg,EwGDcglMxF3VEA,"Modigliani's Last Passion,The Portrait of Jeane","Nam, Kyung Min",Korean Art Museum Association,/asset/modigliani-s-last-passion-the-portrait-of-jeane-nam-kyung-min/EwGDcglMxF3VEA,https://lh3.googleusercontent.com/ci/AL18g_ToZ1LlUViRgqjuVzvR_HgB5aSKh-B5SKKbOYTm0iuekCUkw6gAevL-2nmjf_00XVLmqjyY5Q=w128-h128-c,#e1b9c3,225,185,195,0.73590815,PINK,#F48FB1,244,143,177,2
lAGnKoxlAPHO7g.jpg,lAGnKoxlAPHO7g,Netunya,Katya Medvedeva,Museum of Fine Arts in Peredelkino,/asset/netunya-katya-medvedeva/lAGnKoxlAPHO7g,https://lh3.googleusercontent.com/ci/AL18g_TuFeehpCjwlBUF7CSD7sSVbilorQavNXatxetLZo7DZZok5WZI0C9D53rkJQxPFOSTnIFXaEs=w128-h128-c,#e0b8d7,224,184,215,0.6467931,PINK,#F48FB1,244,143,177,2
_AHVPkdSA3UhgQ.jpg,_AHVPkdSA3UhgQ,Portrait of First Lady Trinidad de Leon Roxas,Lulu Coching Rodriguez,Malacañang Museum,/asset/portrait-of-first-lady-trinidad-de-leon-roxas-lulu-coching-rodriguez/_AHVPkdSA3UhgQ,https://lh3.googleusercontent.com/ci/AL18g_QmvWZ2ntahdh3mKIqCinAUBbIrd3D4tL8nOYdEzPZUh82b0l9fwkrPHCR1vrLrjx3fMDMh=w128-h128-c,#e0b8c5,224,184,197,0.74025977,PINK,#F48FB1,244,143,177,2
4QFxGfmBjhFSPQ.jpg,4QFxGfmBjhFSPQ,Light is easy to love.,Amy Sherald,Nasher Museum of Art at Duke University,/asset/light-is-easy-to-love-amy-sherald/4QFxGfmBjhFSPQ,https://lh3.googleusercontent.com/ci/AL18g_RVC72YOvjHHfua6M_7hKYHU6zrnIDpo5Vknpvz2u95pi-UnuoNh1fQj-26ke7DmA08rx1m=w128-h128-c,#e0b8c4,224,184,196,0.79390496,PINK,#F48FB1,244,143,177,2
rwHGE7FnTOc2wQ.jpg,rwHGE7FnTOc2wQ,Nature morte aux asphodèles (Still Life with Asphodels),Henri Matisse,Museum Folkwang,/asset/nature-morte-aux-asphodèles-still-life-with-asphodels-henri-matisse/rwHGE7FnTOc2wQ,https://lh3.googleusercontent.com/ci/AL18g_R_leMe9Cm6-l_Ewt8NTWXHbWG5Wqqf8J5inGNmMUai3DRm-upNgUc-F0mRLFti-sYFqAljg-0=w128-h128-c,#e1b9c3,225,185,195,0.77112895,PINK,#F48FB1,244,143,177,2
oQEhDtFAyiggXQ.jpg,oQEhDtFAyiggXQ,Jerked Beef Rubble - Toilet II,Adriana Varejão,MAM Rio,/asset/jerked-beef-rubble-toilet-ii-adriana-varejão/oQEhDtFAyiggXQ,https://lh3.googleusercontent.com/ci/AL18g_SCFPEVyzrYRhmZWNTN4smVSEDVq3JLaKCgUOnFe-QDGTN-q5ZGepfcnht0RwjwQ-ZVQB9O=w128-h128-c,#e0b8c4,224,184,196,0.75990516,PINK,#F48FB1,244,143,177,2
hwExSGQ1fJQjeA.jpg,hwExSGQ1fJQjeA,Going Up to Glory,Purvis Young,Souls Grown Deep,/asset/going-up-to-glory-purvis-young/hwExSGQ1fJQjeA,https://lh3.googleusercontent.com/ci/AL18g_TtCRi2120j_2fpLfdsYRMdiVlejLFd8J51rbw3Os36RIw4Ph9snI4xyS0la6Pt5egnfi_p=w128-h128-c,#e0b8c4,224,184,196,0.65745556,PINK,#F48FB1,244,143,177,2
sAHGOUFwGAktFg.jpg,sAHGOUFwGAktFg,Portrait of First Lady Imelda Romualdez Marcos,Lulu Coching Rodriguez,Malacañang Museum,/asset/portrait-of-first-lady-imelda-romualdez-marcos-lulu-coching-rodriguez/sAHGOUFwGAktFg,https://lh3.googleusercontent.com/ci/AL18g_RgUQ0iQfBFR9L44B1kdMK0IknhKhH1m0EB2q8V-Z6jbfeu9LLWlNeEVT9qWy8CXtJfHO6fQQ=w128-h128-c,#e0b8c4,224,184,196,0.74025977,PINK,#F48FB1,244,143,177,2
9wGRjKa6_plhYw.jpg,9wGRjKa6_plhYw,Hardy Plants,Unknown,Minneapolis Institute of Art,/asset/hardy-plants/9wGRjKa6_plhYw,https://lh3.googleusercontent.com/ci/AL18g_Rf_MdQ2ttzL9wkCLF7fN8aOXiSx3kuDgoi16F2JT2pjmTjNIXVOFmXAoqzp7Vi14QRK41i2Q=w128-h128-c,#e0b8c5,224,184,197,1.3444664,PINK,#F48FB1,244,143,177,2
UQGxP_rSzytdhA.jpg,UQGxP_rSzytdhA,Tribute to Casorati,Inés Evagelio Gonzalo,Asociación Española de Pintores y Escultores,/asset/tribute-to-casorati-inés-evagelio-gonzalo/UQGxP_rSzytdhA,https://lh3.googleusercontent.com/ci/AL18g_QdjPDI7ekbWMELmAO2UUD0ZfHEQPjlLzrRg_57tt4onHyrYdN9JalGYs7r7GUtIqw8rd044g=w128-h128-c,#e0b8c5,224,184,197,1.2640569,PINK,#F48FB1,244,143,177,2
UQGUIQMibXXeaQ.jpg,UQGUIQMibXXeaQ,Rise,Choi Eun-Kyung,Korean Art Museum Association,/asset/rise-choi-eun-kyung/UQGUIQMibXXeaQ,https://lh3.googleusercontent.com/ci/AL18g_QfzPbVRZoQjZg86dPaFUvI-lIHO2DY8fu8dMqD3ytsRaBmW5ySrQaDeSeQjvI_fgDb1ws-iw=w128-h128-c,#e1b9c3,225,185,195,1.2096775,PINK,#F48FB1,244,143,177,2
FwESmWa4yS6FWQ.jpg,FwESmWa4yS6FWQ,Service de Luxe,Cecily Brown,National Museum of Women in the Arts,/asset/service-de-luxe-cecily-brown/FwESmWa4yS6FWQ,https://lh3.googleusercontent.com/ci/AL18g_Re-gmavEunYJppNzG5CrbZyusuGqUzOeYyACDN7VuBfmRUvr1S7X-bw1lB1LGlr6JDekfZrA=w128-h128-c,#e1b9c3,225,185,195,1.0061904,PINK,#F48FB1,244,143,177,2
_wHiWTIlVo5c8Q.jpg,_wHiWTIlVo5c8Q,Untitled,António Carneiro,Centro de Arte Moderna Gulbenkian,/asset/untitled-antónio-carneiro/_wHiWTIlVo5c8Q,https://lh3.googleusercontent.com/ci/AL18g_RVWfK_NHhwTrHlMiVSTQlOm40HzpM-qNJJcA9t3AfbQpAX8b6ghRuh7XtWyomlHFE86TdjZro=w128-h128-c,#e1b9c3,225,185,195,2.5748987,PINK,#F48FB1,244,143,177,2
sgFQikSzqQTbrg.jpg,sgFQikSzqQTbrg,As My Adventure Unfolds,Jon Jaylo,"Center for Art, New Ventures & Sustainable Development (CANVAS)",/asset/as-my-adventure-unfolds-jon-jaylo/sgFQikSzqQTbrg,https://lh3.googleusercontent.com/ci/AL18g_SUiP4wdXKxyaAnKVKZsc3oo6SDtGo34OgV61OWEKV60Rz8LtAU6PyE5-G4l16xy-ffMQJ4JA=w128-h128-c,#e0b8c5,224,184,197,0.66375,PINK,#F48FB1,244,143,177,2
sQEJ7-gP-X6qSg.jpg,sQEJ7-gP-X6qSg,Offrande,Nadir Afonso,Culturgest - Fundação Caixa Geral de Depósitos,/asset/offrande-nadir-afonso/sQEJ7-gP-X6qSg,https://lh3.googleusercontent.com/ci/AL18g_SOUzu7j7-kJGSHL8HfTNukp7DkMkgfuveIGOZmiuvSi_wV6NnH3mjNgkC2QUV2IR0QBKRL52A=w128-h128-c,#e1b9c3,225,185,195,1.7613868,PINK,#F48FB1,244,143,177,2
bQE3hGC-G6hZ-A.jpg,bQE3hGC-G6hZ-A,Pigtails,Nelson Shanks,James A. Michener Art Museum,/asset/pigtails-nelson-shanks/bQE3hGC-G6hZ-A,https://lh3.googleusercontent.com/ci/AL18g_QGT5DI7vjLqJSt47u3jLnWBToi-nbYiPU_PucKy7PUDVFfL3XL_w9R0tEWt1vq1H7F0H5Phh8=w128-h128-c,#e0b8c5,224,184,197,1.4088948,PINK,#F48FB1,244,143,177,2
cgFKx0bhJL01xQ.jpg,cgFKx0bhJL01xQ,Omar Ortiz Hernández - Nube,Omar Ortiz Hernández,Imago Mundi,/asset/omar-ortiz-hernández-nube-omar-ortiz-hernández/cgFKx0bhJL01xQ,https://lh3.googleusercontent.com/ci/AL18g_QEFaeUGAsbiLAUmFv2Gp1avv25m6-AVM5GGDgyJbOCbEncS5DuyVlCLrh2dXK5rI7W61zy=w128-h128-c,#e0b8c5,224,184,197,0.8244629,PINK,#F48FB1,244,143,177,2
rgHP1F8IFjwawQ.jpg,rgHP1F8IFjwawQ,Spatial Concept,Lucio Fontana,MALBA – Museo de Arte Latinoamericano de Buenos Aires,/asset/spatial-concept-lucio-fontana/rgHP1F8IFjwawQ,https://lh3.googleusercontent.com/ci/AL18g_T4VvB4oQNXf4s9P7ehhvQL9KttkK8lxi2A6fHwDQTmS3FUxEMxO5dPScSDOpEzEilTGs4D9Q=w128-h128-c,#e1b9c3,225,185,195,0.7804584,PINK,#F48FB1,244,143,177,2
OgGkxdAtKXBFoA.jpg,OgGkxdAtKXBFoA,Upita's wall,Carmen Bonilla,Asociación Española de Pintores y Escultores,/asset/upita-s-wall-carmen-bonilla/OgGkxdAtKXBFoA,https://lh3.googleusercontent.com/ci/AL18g_SZPcFS2rp0NbqVWq73DIe-okZ9_12q1pdruXnLQUf4iM-DQei8FJ_vN9isn-Npa5iGJtQrrw=w128-h128-c,#e0b8c4,224,184,196,1.7252396,PINK,#F48FB1,244,143,177,2
vgHm0pGk8snjMQ.jpg,vgHm0pGk8snjMQ,Clam Gatherers,Edward Moran,"National Park Service, Museum Management Program",/asset/clam-gatherers-edward-moran/vgHm0pGk8snjMQ,https://lh3.googleusercontent.com/ci/AL18g_RkR05JtFW2FzBmj8Zhm6cRH3kiwCL4w3jTCD2asXyQmGK-75w_7wkrOUQns-7WVjisvFIBR4g=w128-h128-c,#e1b9c3,225,185,195,1.5544041,PINK,#F48FB1,244,143,177,2
yAGEk1brKoDVXw.jpg,yAGEk1brKoDVXw,Rock City,Somphong Adulyasarapan,Museum of Contemporary Art (MOCA BANGKOK),/asset/rock-city-somphong-adulyasarapan/yAGEk1brKoDVXw,https://lh3.googleusercontent.com/ci/AL18g_QeVizKbOGOC503fGlGpwy6ycTcvFZSaMGBZzc9U46GMZBH2qNmsLvWV7aCxewZk3xuxgle8g=w128-h128-c,#e0b8c4,224,184,196,1.1776,PINK,#F48FB1,244,143,177,2
QQHqaXD9cu84Tg.jpg,QQHqaXD9cu84Tg,Verão,Marysia Portinari,"Chamber of Deputies, Brazil",/asset/verão-marysia-portinari/QQHqaXD9cu84Tg,https://lh3.googleusercontent.com/ci/AL18g_S2eUDxoiDuBfxlOyLfLfCqOmqK18ProkG_NuYdP4Q8JeShmGbl5Qb8mvFMnAiBB_ZcTAYcHw=w128-h128-c,#e0b8d2,224,184,210,1.3440347,PINK,#F48FB1,244,143,177,2
5AEF8HO0uByhrw.jpg,5AEF8HO0uByhrw,Untitled,AMINE EL BACHA,Dalloul Art Foundation,/asset/untitled-amine-el-bacha/5AEF8HO0uByhrw,https://lh3.googleusercontent.com/ci/AL18g_RWI13lY52q41rVP8yY0FW1Kar5lsVbTnR_YHJB84htIyBNnplEumsvQETUMJwBYQov15I2ng=w128-h128-c,#e0b8c5,224,184,197,0.81213874,PINK,#F48FB1,244,143,177,2
jwEKG5zU-OoUoA.jpg,jwEKG5zU-OoUoA,The Skelmanthorpe flag,Unknown,People's History Museum,/asset/the-skelmanthorpe-flag-unknown/jwEKG5zU-OoUoA,https://lh3.googleusercontent.com/ci/AL18g_ShT_UUs1mxelVF2mHo4JqXXCsk-7f6jglxRMyZ2UefePYxYYL8bj5GSDNZ8pHdwKWPvVYjWxM=w128-h128-c,#e1b9c3,225,185,195,1.0938967,PINK,#F48FB1,244,143,177,2
1QHIKcJy-1D_Mw.jpg,1QHIKcJy-1D_Mw,Brittany Beach,William Parsons Winchester Dana,"National Park Service, Museum Management Program",/asset/brittany-beach-william-parsons-winchester-dana/1QHIKcJy-1D_Mw,https://lh3.googleusercontent.com/ci/AL18g_T8T7Y0hyshukhALKOOIxb8pAE8bZj34dqoKPb9lbzxgUy1CcGpFSqvHQD8UnQoYCVSXeuKeg=w128-h128-c,#e1b9c3,225,185,195,1.910828,PINK,#F48FB1,244,143,177,2
-wEQwR_74lUFsA.jpg,-wEQwR_74lUFsA,In a House of Dreams,Somphong Adulyasarapan,Museum of Contemporary Art (MOCA BANGKOK),/asset/in-a-house-of-dreams-somphong-adulyasarapan/-wEQwR_74lUFsA,https://lh3.googleusercontent.com/ci/AL18g_Q1vhxy0iT0p-OgOlrLIBknNTnPr8eZDhvpAnriB1JEhpaUgBf2kui_P8VN99HM8LB0NzJ9JpA=w128-h128-c,#f0dde4,240,221,228,0.76266015,PINK,#F48FB1,244,143,177,2
pgGsqCRcKgFBiQ.jpg,pgGsqCRcKgFBiQ,Landscape,"Kim, Jiwon",Korean Art Museum Association,/asset/landscape-kim-jiwon/pgGsqCRcKgFBiQ,https://lh3.googleusercontent.com/ci/AL18g_REOXJyZVsl7rL-QQekfzchC8sTefHAToAWGTsOZmvwILHcb8KWANH3Phpa06pPzS2_QmgLAw=w128-h128-c,#e0b8c5,224,184,197,0.7980718,PINK,#F48FB1,244,143,177,2
AgHIz7ZUP1j92A.jpg,AgHIz7ZUP1j92A,Meeting of Our Lady and Saint Isabel,Unknown,Projeto Portinari,/asset/meeting-of-our-lady-and-saint-isabel/AgHIz7ZUP1j92A,https://lh3.googleusercontent.com/ci/AL18g_QHZXB_SlZFQCfnusPAliIKggcnTIuBnBSgZCRFv0wn8-DkQX9plMImBcowizK6dBc6oW6CJw=w128-h128-c,#e0b8c4,224,184,196,0.8761826,PINK,#F48FB1,244,143,177,2
DAGZI73KGzQdEw.jpg,DAGZI73KGzQdEw,Rosy Dream,Widad AL-ORFALI,Ibrahimi Collection,/asset/rosy-dream-widad-al-orfali/DAGZI73KGzQdEw,https://lh3.googleusercontent.com/ci/AL18g_STedTQZ6eW2x9OF6Wra0hoBSx7v-d7x9G6vtq73DnHmpZEuAAPdzLVBqVZKSli_BVUPQZtO1Y=w128-h128-c,#e0b8d8,224,184,216,0.8054404,PINK,#F48FB1,244,143,177,2
AQGL32slJK2GOQ.jpg,AQGL32slJK2GOQ,Peony,A. Quismondo,Asociación Española de Pintores y Escultores,/asset/peony-a-quismondo/AQGL32slJK2GOQ,https://lh3.googleusercontent.com/ci/AL18g_Q90-gku5uRLZhLQSpbT75mlEse8bRsmLndVmveerq_4SYD4yBgDq3RdfH-0L5dQ1gWifL-u_8=w128-h128-c,#e0b8d2,224,184,210,1.0346938,PINK,#F48FB1,244,143,177,2
dAHtjcmeEKTVig.jpg,dAHtjcmeEKTVig,The little goal keeper / حارس المرمى الصغير,GEORGE BAHGORY,Dalloul Art Foundation,/asset/the-little-goal-keeper-حارس-المرمى-الصغير-george-bahgory/dAHtjcmeEKTVig,https://lh3.googleusercontent.com/ci/AL18g_ScVF6nNd4lv9Hu8ZXilBTmRrwiXxx-5RJFf7PMX1vqziRxlmjIC6mwXW2zrcKMsQYPCmlSCTz3=w128-h128-c,#e1b9c3,225,185,195,1.3039935,PINK,#F48FB1,244,143,177,2
IgF10YF5CPB8mg.jpg,IgF10YF5CPB8mg,pink painter three,Vania Elettra Tam,Frattura Scomposta contemporary art,/asset/pink-painter-three-vania-elettra-tam/IgF10YF5CPB8mg,https://lh3.googleusercontent.com/ci/AL18g_TTKRCe4WKBIPxMss7r4GR-Hqgt3VM1puPz2u-EypK7aUyEHCIfJXcWy4UqOgXGhYHJntRX4lJF=w128-h128-c,#e0b8c6,224,184,198,0.7144858,PINK,#F48FB1,244,143,177,2
kQGhm6c10yfVuA.jpg,kQGhm6c10yfVuA,Robbie McEwen,Matthys Gerber,National Portrait Gallery,/asset/robbie-mcewen-matthys-gerber/kQGhm6c10yfVuA,https://lh3.googleusercontent.com/ci/AL18g_R1WTNaH-WQNgMcJzq8MEpLFGJByOWfUqN1TO858SrtGx5bKyYeO006yyob8Qmf9327LOEzjQ=w128-h128-c,#e0b8d8,224,184,216,0.99786437,PINK,#F48FB1,244,143,177,2
fQG7WJeV1QvmOA.jpg,fQG7WJeV1QvmOA,Saint Francis of Paola,Kehinde Wiley,The Toledo Museum of Art,/asset/saint-francis-of-paola-kehinde-wiley/fQG7WJeV1QvmOA,https://lh3.googleusercontent.com/ci/AL18g_RaEDwBDbwphxFzNdlCrVH-uDPpgaYoY6d-GlxnJf7x90ZLcG585q1U1-gKz_f_ZF7H9_it3w=w128-h128-c,#e0b8c5,224,184,197,0.87486255,PINK,#F48FB1,244,143,177,2
iwHcxKxhC1NEeA.jpg,iwHcxKxhC1NEeA,Chelsea Hotel,Antonio Berni,MALBA – Museo de Arte Latinoamericano de Buenos Aires,/asset/chelsea-hotel-antonio-berni/iwHcxKxhC1NEeA,https://lh3.googleusercontent.com/ci/AL18g_TgaFvuqdBIFalvl6MxL7k7yT57fZtjAAmDyt1oaOqtkmw05-0ASbmSjcbzNyBVyC3pyh0JqA=w128-h128-c,#e0b8c4,224,184,196,0.79621655,PINK,#F48FB1,244,143,177,2
kAGnL0zCKKIE1w.jpg,kAGnL0zCKKIE1w,Le Domino Rose,Unknown,"Museum of Fine Arts, Boston",/asset/le-domino-rose/kAGnL0zCKKIE1w,https://lh3.googleusercontent.com/ci/AL18g_T1JVSKonceYSLXxwNuAJzY6prjeL-i1EjcTsQP5yYy6ddxgo5Nl8Od88PUvdX0jvL2hCv4eeU=w128-h128-c,#e0b8c5,224,184,197,0.8032345,PINK,#F48FB1,244,143,177,2
_gGV16BldjOGKg.jpg,_gGV16BldjOGKg,DaVinci,"Kang, Hyung Koo",Korean Art Museum Association,/asset/davinci-kang-hyung-koo/_gGV16BldjOGKg,https://lh3.googleusercontent.com/ci/AL18g_RoRSdADpCe7TpGWiibfBCI9nYDEId_0IUUkUq23JVhdIgFkSqHQS2Tcb0fYdz07EJaVXxOCAlQ=w128-h128-c,#e0b8c4,224,184,196,0.746,PINK,#F48FB1,244,143,177,2
tQEVAeYKmN5Y7Q.jpg,tQEVAeYKmN5Y7Q,Composition,Tina Hernández,Asociación Española de Pintores y Escultores,/asset/composition-tina-hernández/tQEVAeYKmN5Y7Q,https://lh3.googleusercontent.com/ci/AL18g_QKcWCMIhOWiaPPEw0U-q4SE4xLlWWijKzrxHmun8s4KbGhgn9B2EvotSjqUr4_P7QmCrk61LcF=w128-h128-c,#e0b8c5,224,184,197,0.65536207,PINK,#F48FB1,244,143,177,2
UgEjJ3iR4jgVyA.jpg,UgEjJ3iR4jgVyA,Me and My Son Dadang,Hendra Gunawan,Ciputra Artpreneur,/asset/me-and-my-son-dadang-hendra-gunawan/UgEjJ3iR4jgVyA,https://lh3.googleusercontent.com/ci/AL18g_SEfZKcBsqdkA84rK6VF7U5Nmm0avTXq0TibeBsghxp2kAU1hwgqekyCxTAWqOgUERrCto7DA=w128-h128-c,#e0b8c4,224,184,196,0.4714705,PINK,#F48FB1,244,143,177,2
RAHK5egBr1C-2g.jpg,RAHK5egBr1C-2g,Stabiliser,Richard Burton,Colección SOLO,/asset/stabiliser-richard-burton/RAHK5egBr1C-2g,https://lh3.googleusercontent.com/ci/AL18g_QHp5QH4Y0QDdrcgHcO3cxi6ZC8_Re3bH3VizHsYix8FulXAjEr_ymiCFuemnUl93OaKZjRd-A=w128-h128-c,#e1b9c3,225,185,195,0.79843795,PINK,#F48FB1,244,143,177,2
lgFJ38JvoSPq_w.jpg,lgFJ38JvoSPq_w,Iyanse and Osas (power series),Marcellina Akpojotor,Rele Arts Foundation,/asset/iyanse-and-osas-power-series-marcellina-akpojotor/lgFJ38JvoSPq_w,https://lh3.googleusercontent.com/ci/AL18g_R6CjwfjcV4EA_ibYnXgUTzBNC-GTVKiZiuBsMsDndSzlwRpins8qPEw5jPIDodeJydk6-bR3Wx=w128-h128-c,#e1b9c3,225,185,195,0.9963235,PINK,#F48FB1,244,143,177,2
MwGk79Hm2THwUA.jpg,MwGk79Hm2THwUA,Vernon Treweeke looking through a kaleidoscope,Christine Dean,"Penrith Regional Gallery, Home of The Lewers Bequest",/asset/vernon-treweeke-looking-through-a-kaleidoscope-christine-dean/MwGk79Hm2THwUA,https://lh3.googleusercontent.com/ci/AL18g_SB-bFILPj2DVyiNRSFk6aPfO_GfANkKaX6muNZ3zs5pJJvPq_HwooLVX8wxkLbsLzdFQhOP60=w128-h128-c,#e0b8d1,224,184,209,1.448,PINK,#F48FB1,244,143,177,2
dQHViomV5M0Klg.jpg,dQHViomV5M0Klg,Time magician,Sopetrán Domènech,Asociación Española de Pintores y Escultores,/asset/time-magician-sopetrán-domènech/dQHViomV5M0Klg,https://lh3.googleusercontent.com/ci/AL18g_Qs7_DH59ZTbm8Uwzm6VahmNQhSSukILrc4qosWSOPStcDFU3tC6Qv3dNHa99OAevGWfgBzdKQ=w128-h128-c,#e0b8c4,224,184,196,0.59375,PINK,#F48FB1,244,143,177,2
JwEicy5YRZ3vCg.jpg,JwEicy5YRZ3vCg,pink painter one,Vania Elettra Tam,Frattura Scomposta contemporary art,/asset/pink-painter-one-vania-elettra-tam/JwEicy5YRZ3vCg,https://lh3.googleusercontent.com/ci/AL18g_SGX5CJROF-snBYAbFEwGboqVLNXPd0Ug8X1PRjDehMBMzmwUgKT96kGGRk7a3lsUSUzclDGBY=w128-h128-c,#e0b8c6,224,184,198,0.7144858,PINK,#F48FB1,244,143,177,2
WQFaE1Cie8LmiA.jpg,WQFaE1Cie8LmiA,Elio Fiorucci - Anno 2014,Elio Fiorucci,Imago Mundi,/asset/elio-fiorucci-anno-2014-elio-fiorucci/WQFaE1Cie8LmiA,https://lh3.googleusercontent.com/ci/AL18g_TeGSlp8tq982YzPjGWrXSXHS2nyfmwbr3JOy9_zyD6Yxpfhw3kEFi-YvmfB48c90Lrg9Dl4zE=w128-h128-c,#e0b8ca,224,184,202,0.83347446,PINK,#F48FB1,244,143,177,2
iAH_0KZ5IlpW5Q.jpg,iAH_0KZ5IlpW5Q,Gestalten 1,Michaela Prange,Live Art Galerie,/asset/gestalten-1-michaela-prange/iAH_0KZ5IlpW5Q,https://lh3.googleusercontent.com/ci/AL18g_Sna63jqlO7B8J74y8T5Z1ySDsIvlAfH9Dxq7rlEggK3NXPKo5kE8DiQkuBO4xNbfIKKL2hr20=w128-h128-c,#e0b8c6,224,184,198,0.71513003,PINK,#F48FB1,244,143,177,2
EAFomejDMo4lFg.jpg,EAFomejDMo4lFg,minipener,Vania Elettra Tam,Frattura Scomposta contemporary art,/asset/minipener-vania-elettra-tam/EAFomejDMo4lFg,https://lh3.googleusercontent.com/ci/AL18g_T2QDM86TiFNwowyFFs-tuaUo2n7JjF4BdQXkNzqBVkmQpc79121Hea2qcW5mzVU54IsyeX7Q=w128-h128-c,#e0b8c6,224,184,198,0.5037535,PINK,#F48FB1,244,143,177,2
fQErwVQrP6cjkA.jpg,fQErwVQrP6cjkA,i want to ride my bike,Vania Elettra Tam,Frattura Scomposta contemporary art,/asset/i-want-to-ride-my-bike-vania-elettra-tam/fQErwVQrP6cjkA,https://lh3.googleusercontent.com/ci/AL18g_Q_d_SlbUsJ3eQKpD4RJXfunM8BNstu5FzppdNmRX5Njxg4xee5OSHfOqh5u6cuxl0YAhrlSbY=w128-h128-c,#e0b8c6,224,184,198,1.001571,PINK,#F48FB1,244,143,177,2
YwHCGnrh-LXedQ.jpg,YwHCGnrh-LXedQ,Retratos de Quarentena,Chica Vamo,Museu da Diversidade Sexual,/asset/retratos-de-quarentena-chica-vamo/YwHCGnrh-LXedQ,https://lh3.googleusercontent.com/ci/AL18g_Qo4QX8d328Frj9gXdItTQgLOD4A4AMYBOsZsIW-UIbQCqCNW5lzvECgHvW9NT7Pu0MN5wfOA=w128-h128-c,#e0b8c4,224,184,196,0.74984884,PINK,#F48FB1,244,143,177,2
6QFifE8P2DjEVw.jpg,6QFifE8P2DjEVw,"Jure Zrimšek - I Told Her, It Was Just for the Money",Jure Zrimšek,Imago Mundi,/asset/jure-zrimšek-i-told-her-it-was-just-for-the-money-jure-zrimšek/6QFifE8P2DjEVw,https://lh3.googleusercontent.com/ci/AL18g_QG4awzv9rQyBzZzm-inf_slyxgloCWriG9PWRGS4QEaJfgjxDphHmSk49ZhRDiBm-4BAIrRFw=w128-h128-c,#e0b8c5,224,184,197,1.1997657,PINK,#F48FB1,244,143,177,2
PQEtMMB7u8TLog.jpg,PQEtMMB7u8TLog,"""Conversing with the Moon-He Sen Solo Exhibition"": Distance",He Sen,Today Art Museum,/asset/conversing-with-the-moon-he-sen-solo-exhibition-distance-he-sen/PQEtMMB7u8TLog,https://lh3.googleusercontent.com/ci/AL18g_TifS4PTpM3Ear-RlwgWHlpK2CDH8kcSMwCvKpq_ThW3qF-8COTcFC_mhqPSszBVJUR2NJmLQ=w128-h128-c,#e0b8c5,224,184,197,0.7901786,PINK,#F48FB1,244,143,177,2
5gFHSSgGhRr_Cg.jpg,5gFHSSgGhRr_Cg,Mendrami,JI WON KIM,Korean Art Museum Association,/asset/mendrami-ji-won-kim/5gFHSSgGhRr_Cg,https://lh3.googleusercontent.com/ci/AL18g_SI85riFVmuf0C6ihQZTS0qccMsLeq-8badbWd8ljlBZy8EIBvC17efwEn9TJ6W7NNtWXaqm_ng=w128-h128-c,#e0b8c5,224,184,197,1.00125,PINK,#F48FB1,244,143,177,2
9QHVMlY8yMucIQ.jpg,9QHVMlY8yMucIQ,El último día a la hora del te,Paco Pomet,Colección SOLO,/asset/el-último-día-a-la-hora-del-te-paco-pomet/9QHVMlY8yMucIQ,https://lh3.googleusercontent.com/ci/AL18g_RtdAYeI4Icvp40T4zZnpAsv-9slX0tu4LYQuDeTdGdCmJPL4C-tCdpdpn_z46IOoK6d31rMMk=w128-h128-c,#e0b8d8,224,184,216,0.80331594,PINK,#F48FB1,244,143,177,2
cwFuvHMYyA6auw.jpg,cwFuvHMYyA6auw,Tear,Ángeles García-Quismondo,Asociación Española de Pintores y Escultores,/asset/tear-Ángeles-garcía-quismondo/cwFuvHMYyA6auw,https://lh3.googleusercontent.com/ci/AL18g_RSsj3O-7mDjRgXhr-YLXMvcABzfmwXn1H6NGJnNUHxeOTNbrpJPmj45KihY96oNRLoV4dudkA=w128-h128-c,#e0b8c3,224,184,195,1.0026627,PINK,#F48FB1,244,143,177,2
QAG81uil-gDT5w.jpg,QAG81uil-gDT5w,Extinction II,José Luis Martín de Blas,Asociación Española de Pintores y Escultores,/asset/extinction-ii-josé-luis-martín-de-blas/QAG81uil-gDT5w,https://lh3.googleusercontent.com/ci/AL18g_SGyEZ-0Ea-6TUxWMkaTuC6ezLz9VWP4TEko2w3syDKB4idKvbCIsvgUUNpaKKPPArWrzfM4Zc=w128-h128-c,#e0b8c4,224,184,196,1.3183916,PINK,#F48FB1,244,143,177,2
RgHhtmbKkWu0OQ.jpg,RgHhtmbKkWu0OQ,Vicinity of a Cathedral,Lee Jung-seob,Korea Data Agency,/asset/vicinity-of-a-cathedral-lee-jung-seob/RgHhtmbKkWu0OQ,https://lh3.googleusercontent.com/ci/AL18g_Tstn-I3tOBigAzgwRadSj5JM2tN7QojVnkYEUFXy6FRTetQAX5_rgYLfTMlSWZ2GxCO6BMMg=w128-h128-c,#e1b9c3,225,185,195,1.3256663,PINK,#F48FB1,244,143,177,2
IQGjT0K-QENs3Q.jpg,IQGjT0K-QENs3Q,Lady Danielle,Michael Wall,ArtPop Street Gallery,/asset/lady-danielle-michael-wall/IQGjT0K-QENs3Q,https://lh3.googleusercontent.com/ci/AL18g_RQ6DmYQ3iPSbbSTVynTsZ-AURG2wXiXAYQeQnde2qjjB9Dnez_hHsWpgVmnGROmHXiwldJeqM=w128-h128-c,#e0b8c4,224,184,196,0.75,PINK,#F48FB1,244,143,177,2
XAFu2wOf_3NiqQ.jpg,XAFu2wOf_3NiqQ,Franklinton Rain,David Denniston,ArtPop Street Gallery,/asset/franklinton-rain-david-denniston/XAFu2wOf_3NiqQ,https://lh3.googleusercontent.com/ci/AL18g_QIu3HoDngabfmvu6Txnp8arD5A_a4gRLW0gUO3Vg4hzaTQP4PMa8KlsSH1vrj8X3XKleDsScrT=w128-h128-c,#e0b8c5,224,184,197,4.0833335,PINK,#F48FB1,244,143,177,2
AgFaZzoleboJ7Q.jpg,AgFaZzoleboJ7Q,the iron mask,Vania Elettra Tam,Frattura Scomposta contemporary art,/asset/the-iron-mask-vania-elettra-tam/AgFaZzoleboJ7Q,https://lh3.googleusercontent.com/ci/AL18g_RY4479uY_2xApwZJTQZ8IzioXNTdOt7330_aTeIac1KBdRB5AT49jikvkS4TF2cdzlazCd1oE=w128-h128-c,#e0b8c6,224,184,198,1.2556863,PINK,#F48FB1,244,143,177,2
zAGCgrb3hKxD0Q.jpg,zAGCgrb3hKxD0Q,La Ville,ASSADOUR BEZDIKIAN,Dalloul Art Foundation,/asset/la-ville-assadour-bezdikian/zAGCgrb3hKxD0Q,https://lh3.googleusercontent.com/ci/AL18g_THjm_REbRNjaW5LJd_kK_GGnNnsFQcpk-wucsCx3RpfquINtS8n4MWaCy7cGHdpglFKYqNrq7U=w128-h128-c,#e0b8c5,224,184,197,1.2374324,PINK,#F48FB1,244,143,177,2
FAGgXiA1BVxXog.jpg,FAGgXiA1BVxXog,easy rider,Vania Elettra Tam,Frattura Scomposta contemporary art,/asset/easy-rider-vania-elettra-tam/FAGgXiA1BVxXog,https://lh3.googleusercontent.com/ci/AL18g_TksBGQ1LiKoU1qMige45QhwnTueC-ItYGBWYa327wt5sIHch_ounM7D0y3-wjB-fdjXA5YtdcI=w128-h128-c,#e0b8c5,224,184,197,1.2090197,PINK,#F48FB1,244,143,177,2
GgHW_yD1RgIYag.jpg,GgHW_yD1RgIYag,George Oiback – Robot,George Oiback,Imago Mundi,/asset/george-oiback-–-robot-george-oiback/GgHW_yD1RgIYag,https://lh3.googleusercontent.com/ci/AL18g_ROZkBv2ryfwEaJmJinYXQ52gKrTekdmKxiYS11D-NrMSYclDayBw7pK39h7Vx41WkGIvTopA=w128-h128-c,#e0b8d7,224,184,215,0.8334961,PINK,#F48FB1,244,143,177,2
fAENScCjXyTf9A.jpg,fAENScCjXyTf9A,Portrait of First Lady Amelita Martinez Ramos,Lulu Coching Rodriguez,Malacañang Museum,/asset/portrait-of-first-lady-amelita-martinez-ramos-lulu-coching-rodriguez/fAENScCjXyTf9A,https://lh3.googleusercontent.com/ci/AL18g_Q-0ayxlk-y-ZKliLm85P2QXsPGXLWSqsxGp4UtU6ckE8Ow2ZfmoxxHQ33yivJoz_O9jWeV3dw=w128-h128-c,#e0b8c5,224,184,197,0.74025977,PINK,#F48FB1,244,143,177,2
rwHXSYGYUJ4mZA.jpg,rwHXSYGYUJ4mZA,little pink cap,Vania Elettra Tam,Frattura Scomposta contemporary art,/asset/little-pink-cap-vania-elettra-tam/rwHXSYGYUJ4mZA,https://lh3.googleusercontent.com/ci/AL18g_SdEiq-TqmPAxiYb1lGF-gJ4V8KnDvtyboUve0yTBK1mwvbGA-g76Nrx5MJ9t0sSXBoSbuq6Ds=w128-h128-c,#e0b8c6,224,184,198,0.70971334,PINK,#F48FB1,244,143,177,2
XgH5v7d4SustyQ.jpg,XgH5v7d4SustyQ,untitled,Tomie Ohtake,Instituto Tomie Ohtake,/asset/untitled-tomie-ohtake/XgH5v7d4SustyQ,https://lh3.googleusercontent.com/ci/AL18g_SjG9EEvAgIkYmubsnx-hW09k4lD9NTDyhfQLFsoj62jIxxtqxgEk0E68TISUXPfiquiCD0sVtW=w128-h128-c,#e0b8c5,224,184,197,1.0058038,PINK,#F48FB1,244,143,177,2
pwF8EEUmYau3ZA.jpg,pwF8EEUmYau3ZA,Pensando,Philip Bragar,Museo de Arte Contemporáneo de San Luis Potosí,/asset/pensando-philip-bragar/pwF8EEUmYau3ZA,https://lh3.googleusercontent.com/ci/AL18g_SR-IFzSlYFHreMbbXYTFiE1jur-H0N8dhqS8X8PQurvni4Yjy9VBObnetXxguY80TqtqDohg=w128-h128-c,#e0b8c4,224,184,196,0.80191255,PINK,#F48FB1,244,143,177,2
DwG2L8tzhVpF0w.jpg,DwG2L8tzhVpF0w,"""The Collector""","T.C. Cannon (Kiowa and Caddo), Southern Plains Indian Museum (A.71.28.3)","Indian Arts and Crafts Board (IACB), U.S. Department of the Interior",/asset/the-collector-t-c-cannon-kiowa-and-caddo-southern-plains-indian-museum-a-71-28-3/DwG2L8tzhVpF0w,https://lh3.googleusercontent.com/ci/AL18g_Q1eV0MDq3ocU_E3hijrtoqFsM_UrS0C8ckGYItYICk5MPLaOQwLvcDOTZ5Ek7LomPOWdxknh4=w128-h128-c,#e0b8d7,224,184,215,1.1363199,PINK,#F48FB1,244,143,177,2
HgEithb-sBwn2g.jpg,HgEithb-sBwn2g,Inverted Annunciation,Unknown,MAC-Lima,/asset/inverted-annunciation/HgEithb-sBwn2g,https://lh3.googleusercontent.com/ci/AL18g_QsriTkywmvEkh4mmJwq2_E47RKVttP9t2d2ODGrfLG_9y0UWitttPFPT4H3t6rcKL3VyRMgA=w128-h128-c,#e1b9c3,225,185,195,2.4061599,PINK,#F48FB1,244,143,177,2
gwH5ONBsjTJ_pQ.jpg,gwH5ONBsjTJ_pQ,Free Composition of the Color Mass,Aleksandr Drevin,MOMus - Museum of Modern Art - Costakis Collection,/asset/free-composition-of-the-color-mass-aleksandr-drevin/gwH5ONBsjTJ_pQ,https://lh3.googleusercontent.com/ci/AL18g_Shf27V8uDgMWoc0rv3_4vAZbqc2zoCxxug2CtvnBhipo8TV_TNkYHbI_MSnABjALOb-_Wk9A=w128-h128-c,#e0b8c5,224,184,197,1.521927,PINK,#F48FB1,244,143,177,2
jgFudvPY4Ltd4A.jpg,jgFudvPY4Ltd4A,Archangel Gabriel,Unknown,Projeto Portinari,/asset/archangel-gabriel/jgFudvPY4Ltd4A,https://lh3.googleusercontent.com/ci/AL18g_Q5Tq6go75lZeRlvpV9jW6AbpKK3UVCu3-8fSgFB9hKo9qBUYAEyXZVZy4CD5PD--Br87qysd8=w128-h128-c,#e1b9c3,225,185,195,0.41027033,PINK,#F48FB1,244,143,177,2
HAE5gbLeomiRhA.jpg,HAE5gbLeomiRhA,Scarecrow,Unknown,Projeto Portinari,/asset/scarecrow/HAE5gbLeomiRhA,https://lh3.googleusercontent.com/ci/AL18g_SVwqS-ykXP5PyXDu5owXBqsjDVRlIAtcB_tkrk1Wus-KpJqgAVBOvfA1eBpLTqUpknlOvUaRWw=w128-h128-c,#e1b9c3,225,185,195,0.8547904,PINK,#F48FB1,244,143,177,2
EwHlV49dkS_y3Q.jpg,EwHlV49dkS_y3Q,Untitled (Capela de Nossa Senhora da Pedra),António Carneiro,Centro de Arte Moderna Gulbenkian,/asset/untitled-capela-de-nossa-senhora-da-pedra-antónio-carneiro/EwHlV49dkS_y3Q,https://lh3.googleusercontent.com/ci/AL18g_RI6RO5FP9N016njATf-pF7DcbTr0C8YRHaz8wgaLZvVpB3BHqdy_19-9Vs7RCQ-lXKZSTZMWUI=w128-h128-c,#e1b9c3,225,185,195,2.4051843,PINK,#F48FB1,244,143,177,2
EgGLvvF99mwRIg.jpg,EgGLvvF99mwRIg,Contained Stories (Tribute to C.J.),Unknown,MAC-Lima,/asset/contained-stories-tribute-to-c-j/EgGLvvF99mwRIg,https://lh3.googleusercontent.com/ci/AL18g_QnrGRJoZDbY-tYaBOBsOeUwSbliRxGdQ3cnqb5GHiNT3RzjUH8Fcvme9Wq55feGARjj_tJ3YpN=w128-h128-c,#e0b8c5,224,184,197,1.0883762,PINK,#F48FB1,244,143,177,2
PgF4J-OnrFFriQ.jpg,PgF4J-OnrFFriQ,Contemporary Art Center,Gintaras Znamierowski,MO Museum / MO muziejus,/asset/contemporary-art-center-gintaras-znamierowski/PgF4J-OnrFFriQ,https://lh3.googleusercontent.com/ci/AL18g_TeY59UD1__YwT3opEri5F7qlR-NTzYQhNx86MLaa-59_0Sx7Rn9qvLyl8yoWRajERFvbe4cgU=w128-h128-c,#e1b9c3,225,185,195,0.50103414,PINK,#F48FB1,244,143,177,2
lgG6CJE0au0JFw.jpg,lgG6CJE0au0JFw,Two Women Bathing,Carl Holty,Georgia Museum of Art,/asset/two-women-bathing-carl-holty/lgG6CJE0au0JFw,https://lh3.googleusercontent.com/ci/AL18g_QqkZZHGRoL42lolApevv0puRVFJ5M0jsCq-lRDVwAH_G1rAzhPtxVEX6KoLx3hFxxdVbl6GifO=w128-h128-c,#e0b8c5,224,184,197,0.85277677,PINK,#F48FB1,244,143,177,2
cQHbQmKWVdIrxQ.jpg,cQHbQmKWVdIrxQ,Head of Leaves,Phoebe Unwin,Arts Council Collection,/asset/head-of-leaves-phoebe-unwin/cQHbQmKWVdIrxQ,https://lh3.googleusercontent.com/ci/AL18g_QggSkIiBvKA5KHBsJ1IXDZB-ef0HfNpd2DnGPSDqF5G0ZUx8mAJoWLGMit-omoN1sv4ng2ySz9=w128-h128-c,#e0b8c5,224,184,197,0.79974407,PINK,#F48FB1,244,143,177,2
cQEN51DAY1wl-Q.jpg,cQEN51DAY1wl-Q,Playing a Pipe,Lee In-sung,Korea Data Agency,/asset/playing-a-pipe-lee-in-sung/cQEN51DAY1wl-Q,https://lh3.googleusercontent.com/ci/AL18g_S6J1bbWQfty5yWa8Z0dGKAeArdzbySCdtLD3uEA8RAz36tfIH7XAxA2JliL5w3aXdUvzdCwgU=w128-h128-c,#e0b8c5,224,184,197,0.73055935,PINK,#F48FB1,244,143,177,2
fAG9jOc1Vu2Lkg.jpg,fAG9jOc1Vu2Lkg,Symphony in red,Aracely Alarcón,Asociación Española de Pintores y Escultores,/asset/symphony-in-red-aracely-alarcón/fAG9jOc1Vu2Lkg,https://lh3.googleusercontent.com/ci/AL18g_SdxBSogQcGZ-im3OdWDbPnSgdhjlVjH2KCwEAW2eDgtcmXaFjfH0XaTQoUAFz95WZkEqin9nc6=w128-h128-c,#e0b8c0,224,184,192,1,PINK,#F48FB1,244,143,177,2
IwGBznSFnaK2Wg.jpg,IwGBznSFnaK2Wg,Ecos del tiempo,Pérez Celis,Pérez Celis - Museo Virtual,/asset/ecos-del-tiempo-pérez-celis/IwGBznSFnaK2Wg,https://lh3.googleusercontent.com/ci/AL18g_SLUEEu3d6Vv1TdXj3ErRyEHZJfTyCniyvOWy7Ojpcg8NbsF_4fnssm5ha3a_ZFR76ah0xkZB8=w128-h128-c,#e0b8ca,224,184,202,0.7969715,PINK,#F48FB1,244,143,177,2
OwHjeNbnTsKJYw.jpg,OwHjeNbnTsKJYw,Herencia de una visión,Pérez Celis,Pérez Celis - Museo Virtual,/asset/herencia-de-una-visión-pérez-celis/OwHjeNbnTsKJYw,https://lh3.googleusercontent.com/ci/AL18g_SNFy0EpD4qYYEsl5Zdf2VSbCGzET-J6x3IdxyugcOqwDOdXuRbzrqCgWVzOFtJ7Qj9WmxtYRQ=w128-h128-c,#e1b9c3,225,185,195,1.3990906,PINK,#F48FB1,244,143,177,2
wwExsQCpOvThQg.jpg,wwExsQCpOvThQg,Under the Flowers (Sous les Fleurs),Imprimerie Champenois,The Cleveland Museum of Art,/asset/under-the-flowers-sous-les-fleurs-imprimerie-champenois-l-estampe-moderne-and-edmond-françois-aman-jean-french-1858-1936/wwExsQCpOvThQg,https://lh3.googleusercontent.com/ci/AL18g_RHaUbl8QbJ0r7QU1600fvkqpkO8AxfofsUIWGuZC4b0MjLuYUFOVR1HV1CidB8ZW4F36qgAg=w128-h128-c,#e0b8c5,224,184,197,0.7773529,PINK,#F48FB1,244,143,177,2
SgEaJIUqRyxtog.jpg,SgEaJIUqRyxtog,NHS Hero Rosanna Marshall,Jackie Brown,Paintings in Hospitals,/asset/nhs-hero-rosanna-marshall-jackie-brown/SgEaJIUqRyxtog,https://lh3.googleusercontent.com/ci/AL18g_RcAgqLZhgGcK6jEuDBo4q2N9Dg8VT75Wfw_hL7XIgHCyAfwZMFY9jxLTOrmVrctGkpaiGyMA=w128-h128-c,#e0b8c4,224,184,196,0.71074045,PINK,#F48FB1,244,143,177,2
tAFYczP6Oq1Ktg.jpg,tAFYczP6Oq1Ktg,Handbag,Christine Dean,"Penrith Regional Gallery, Home of The Lewers Bequest",/asset/handbag-christine-dean/tAFYczP6Oq1Ktg,https://lh3.googleusercontent.com/ci/AL18g_ShxxIfPFYa-GbYpbIk51k0AMK0sNA1uTRLE0wo0RKUumJN2pLCYWmRwd_pTFfijMbVBfIpBA=w128-h128-c,#e1b9c3,225,185,195,1.5154667,PINK,#F48FB1,244,143,177,2
dgECQJbRQ1oE6Q.jpg,dgECQJbRQ1oE6Q,Underpants Monochrome,Christine Dean,"Penrith Regional Gallery, Home of The Lewers Bequest",/asset/underpants-monochrome-christine-dean/dgECQJbRQ1oE6Q,https://lh3.googleusercontent.com/ci/AL18g_ToX9q3KYpLkVHH3A55nqjIyuS5anQvOKrFXEAxtZae4aryx67W1WZRCeXdWte0V33wtd650A=w128-h128-c,#f0dde4,240,221,228,1.1586666,PINK,#F48FB1,244,143,177,2
6gEXX3HB4gIyBg.jpg,6gEXX3HB4gIyBg,Spartakiade,Otakar Čemus,Eleutheria Foundation,/asset/spartakiade-otakar-Čemus/6gEXX3HB4gIyBg,https://lh3.googleusercontent.com/ci/AL18g_QTjXV_yQu1BZcqLGWI8NuMCtn6aaX81NTSIC4EurYubmGFbPZRbEtpsMfYNxOFxsV43CngquA=w128-h128-c,#e0b8c5,224,184,197,2.025641,PINK,#F48FB1,244,143,177,2
_wH4MMJ0NZkFcA.jpg,_wH4MMJ0NZkFcA,Joyabaj,Margot Fanjul,Inter-American Development Bank,/asset/joyabaj-margot-fanjul/_wH4MMJ0NZkFcA,https://lh3.googleusercontent.com/ci/AL18g_Q0X1Xg57_rToPkioGbZ8isC4x5_keKJ79BcMBAC5-4yS-itKFM7x4kBDTyo-VmLTUSCRxcjt8=w128-h128-c,#e0b8c0,224,184,192,1.3882353,PINK,#F48FB1,244,143,177,2
pAGS3sqGMMgnrA.jpg,pAGS3sqGMMgnrA,Bathing Men,Kuno Veeber,Art Museum of Estonia,/asset/bathing-men-kuno-veeber/pAGS3sqGMMgnrA,https://lh3.googleusercontent.com/ci/AL18g_R9cfU7DesHIO4gXsTrFee4zXj0gm-r5CUIBSSu6W7uTWZKV6tTlP8d9CqkugLNrJ4fLWZDQw=w128-h128-c,#e0b8c5,224,184,197,1.2187204,PINK,#F48FB1,244,143,177,2
PgHd8Ns4J4PAiQ.jpg,PgHd8Ns4J4PAiQ,Crossing the tracks,Susana Huerta,Asociación Española de Pintores y Escultores,/asset/crossing-the-tracks-susana-huerta/PgHd8Ns4J4PAiQ,https://lh3.googleusercontent.com/ci/AL18g_QBrfGb5nO_eSvei7Apvu06Iwn46e2wO5b5pLyzMoRbmfnHaEw455SVnzBxANi7TeCtIsrXWw=w128-h128-c,#e0b8c5,224,184,197,1.2552204,PINK,#F48FB1,244,143,177,2
nAGF9-6nfVvshA.jpg,nAGF9-6nfVvshA,Mendrami,JI WON KIM,Korean Art Museum Association,/asset/mendrami-ji-won-kim/nAGF9-6nfVvshA,https://lh3.googleusercontent.com/ci/AL18g_Q7sEhOcK81w5BkfQTr1AFaZfh8vjf3L6Gp6J4q3vptOzrb6kij_IgWVDVnLDjxJ6hyyn7PFTs=w128-h128-c,#e0b8c4,224,184,196,0.99667776,PINK,#F48FB1,244,143,177,2
eQGr-yw3jacvBQ.jpg,eQGr-yw3jacvBQ,Dogs,"Kong, Sung Hun",Korean Art Museum Association,/asset/dogs-kong-sung-hun/eQGr-yw3jacvBQ,https://lh3.googleusercontent.com/ci/AL18g_QOP_Z3jVdUttW3iLF6VJ6XKHmyTDVXt2jGpIjdgFnt5a_nwP3H3Py0FHNQh_EALIVWtScScPI=w128-h128-c,#e0b8d8,224,184,216,1.2590039,PINK,#F48FB1,244,143,177,2
ewG8uqWoTORA-A.jpg,ewG8uqWoTORA-A,Conal Rose Reflections,Silvia Cabrera Williams,Orlando Public Library,/asset/conal-rose-reflections-silvia-cabrera-williams/ewG8uqWoTORA-A,https://lh3.googleusercontent.com/ci/AL18g_SOr0QVTwsHNUeaCrIJTVmlLw3Jv7bfKLCPusNWTDN97ziw79DdKUKdBZMKfDKWiA9lO7vRKg=w128-h128-c,#e0b8c4,224,184,196,0.782981,PINK,#F48FB1,244,143,177,2
xwEUKlMqczfh4A.jpg,xwEUKlMqczfh4A,Spring Mountain,"Yi, Hee Choung",Korean Art Museum Association,/asset/spring-mountain-yi-hee-choung/xwEUKlMqczfh4A,https://lh3.googleusercontent.com/ci/AL18g_T5ZG66rNXOY0P3YPVV9GA8I12J5BVwmUdb3bLgALE_gs_WkjuMsgs7YD6DScmPCpMlJq4cwA=w128-h128-c,#e0b8d7,224,184,215,2.008483,PINK,#F48FB1,244,143,177,2
wQG1O4tG62o_ZA.jpg,wQG1O4tG62o_ZA,A Young Girl,Lee In-sung,Korea Data Agency,/asset/a-young-girl-lee-in-sung/wQG1O4tG62o_ZA,https://lh3.googleusercontent.com/ci/AL18g_R2p_d6UHEGtjIY9qS9chRfYiNtNjG84bsrNMi95xd9ngv3zYbJhVgZaGHpEVJfTI55njq3NAY=w128-h128-c,#e1b9c3,225,185,195,0.6352546,PINK,#F48FB1,244,143,177,2
8QEwiOaQXF1aPg.jpg,8QEwiOaQXF1aPg,Doyley Monochrome,Christine Dean,"Penrith Regional Gallery, Home of The Lewers Bequest",/asset/doyley-monochrome-christine-dean/8QEwiOaQXF1aPg,https://lh3.googleusercontent.com/ci/AL18g_TAVz7XoIGa0qS4cJ8eTrphwOwMP-Hd7kFaJ3MwQBStZHxE-SLMPbNI7beAqdAPa4NkcANud02R=w128-h128-c,#e1b9c3,225,185,195,0.9847689,PINK,#F48FB1,244,143,177,2
bAGzx3zKP7VQ7A.jpg,bAGzx3zKP7VQ7A,I'm Fine,John Fadley Magee,ArtPop Street Gallery,/asset/i-m-fine-john-fadley-magee/bAGzx3zKP7VQ7A,https://lh3.googleusercontent.com/ci/AL18g_StVR02paZZ5iw2Ucq7HXgR3ZKEDxAW5tP4HrTpe2Dqk1nG61V_xT6ztsUg3ZBYV6XCLuoemiw=w128-h128-c,#e0b8c6,224,184,198,1.0072639,PINK,#F48FB1,244,143,177,2
UgFmDpW3KQ7p1w.jpg,UgFmDpW3KQ7p1w,Tick-Tock,Joyotee Ray Chaudhury,Imago Mundi,/asset/tick-tock-joyotee-ray-chaudhury/UgFmDpW3KQ7p1w,https://lh3.googleusercontent.com/ci/AL18g_Ro7RpgfbXg0LPRwAUyZRh6BCY3_zBNwIeqUI2r8AXAIQd5oc-eIAVskx1cRX_FQce8L82RXA4=w128-h128-c,#e0b8c5,224,184,197,1.2,PINK,#F48FB1,244,143,177,2
qAEU4MTUaN-2yg.jpg,qAEU4MTUaN-2yg,Still Life - Alabaster,Unknown,Galleria d'Arte Moderna,/asset/still-life-alabaster/qAEU4MTUaN-2yg,https://lh3.googleusercontent.com/ci/AL18g_SEmABEX_kaD1Hl1JzraIefUPWXZEcSl5WlWeFQhxyWqdrLymQZK5vf__b-u5Z6v3vtwqbyKaE=w128-h128-c,#e0b8c5,224,184,197,1.1892618,PINK,#F48FB1,244,143,177,2
4wHA4zwf-hv3Dg.jpg,4wHA4zwf-hv3Dg,"The House is Adorned with Works by Modern Australian Masters Such as John Coburn, Brett Whiteley and Donald Friend (John Marsden)",Christine Dean,"Penrith Regional Gallery, Home of The Lewers Bequest",/asset/the-house-is-adorned-with-works-by-modern-australian-masters-such-as-john-coburn-brett-whiteley-and-donald-friend-john-marsden-christine-dean/4wHA4zwf-hv3Dg,https://lh3.googleusercontent.com/ci/AL18g_TzI81avsHmMzoj5yaz2lfRgx8W-OijhGAnL8X1FDi5ZivO4ywgs5B8FlrDLv8GscpeU2qHqQ=w128-h128-c,#e0b8d8,224,184,216,1.0032,PINK,#F48FB1,244,143,177,2
qgH8qHbXY-VV1Q.jpg,qgH8qHbXY-VV1Q,"""A METAPHOR OF THE PAINFUL-Solo Show of Tan Ping"": Bloom",Tan Ping,Today Art Museum,/asset/a-metaphor-of-the-painful-solo-show-of-tan-ping-bloom-tan-ping/qgH8qHbXY-VV1Q,https://lh3.googleusercontent.com/ci/AL18g_TtD3R2aWfsvk7TWaIZ4Aky79iFN1C5VuYU9yu7cYupQ0biw4hh2F8J1sAErQWkzHVE2E5-wA=w128-h128-c,#e1b9c3,225,185,195,0.80196804,PINK,#F48FB1,244,143,177,2
jAEMObKpXjQKlg.jpg,jAEMObKpXjQKlg,Party,Carmen Brito Fernández,Asociación Española de Pintores y Escultores,/asset/party-carmen-brito-fernández/jAEMObKpXjQKlg,https://lh3.googleusercontent.com/ci/AL18g_RohzCHu9DIUKS1Y6EI9hnexhy6H-SPxn8FbjqLMGi_3JXSlRsmuMPBkHsgSUU8UhQcabzssQ=w128-h128-c,#e0b8c5,224,184,197,0.9821495,PINK,#F48FB1,244,143,177,2
-gEJrBcMi3_n7g.jpg,-gEJrBcMi3_n7g,Last evening light,Miguel Barbero,Asociación Española de Pintores y Escultores,/asset/last-evening-light-miguel-barbero/-gEJrBcMi3_n7g,https://lh3.googleusercontent.com/ci/AL18g_TmCLLAQ9_RnS1RW3T6RF-reie5B9cWsiZ-f9NfHR0Qdisl0fBcEo0VO2LE25WZNifbLsU3_kE=w128-h128-c,#e1b9c3,225,185,195,1.4311111,PINK,#F48FB1,244,143,177,2
BwF8FIJ2t2YDFQ.jpg,BwF8FIJ2t2YDFQ,Huascaran,Leovigildo Cristobal Valverde,Asociación Española de Pintores y Escultores,/asset/huascaran-leovigildo-cristobal-valverde/BwF8FIJ2t2YDFQ,https://lh3.googleusercontent.com/ci/AL18g_Rj1EFIjfvZVQEcTqdDfPs9saF0gsRjsmAz3iiAk-juugr94rfMRH57gTnOjnNb0KmFV-dLKIjk=w128-h128-c,#e0b8da,224,184,218,0.99640936,PINK,#F48FB1,244,143,177,2
RgEL_mawCiUtEA.jpg,RgEL_mawCiUtEA,Holocausto (Holocaust),Manolo Belzunce,Museo Juan Cabré,/asset/holocausto-holocaust-manolo-belzunce/RgEL_mawCiUtEA,https://lh3.googleusercontent.com/ci/AL18g_StSCdExqJhgBkL7RPINyaAZLM4wjMZYwgLTWMAxWLoPPPOlNCrtoIomsHuOqn3E1kP0srWIEpU=w128-h128-c,#e0b8c4,224,184,196,0.8144033,PINK,#F48FB1,244,143,177,2
2AG6JCIX7YNTaA.jpg,2AG6JCIX7YNTaA,I Have Been to 199 Funerals and Have Given Eulogies at 38 of Them (John Marsden),Christine Dean,"Penrith Regional Gallery, Home of The Lewers Bequest",/asset/i-have-been-to-199-funerals-and-have-given-eulogies-at-38-of-them-john-marsden-christine-dean/2AG6JCIX7YNTaA,https://lh3.googleusercontent.com/ci/AL18g_RJthFtlRy4VNsd1pbV8fYicDxO_XEDSQAVuJJT8Vc2djFV85l7oDnU8wz1DfCsTrbk-crgA5E=w128-h128-c,#e0b8c4,224,184,196,0.99946696,PINK,#F48FB1,244,143,177,2
mwHeRLI7dQB17g.jpg,mwHeRLI7dQB17g,Red Light Attack,Christopher L. Gomez,Imago Mundi,/asset/red-light-attack-christopher-l-gomez/mwHeRLI7dQB17g,https://lh3.googleusercontent.com/ci/AL18g_TTTRbN8P6MeRSpsAGFitJOEZBJkBvLYJubizToyvrntG_FZrMB9KwbUs2ymMok72xJ53bkPA=w128-h128-c,#e0b8c5,224,184,197,0.8333333,PINK,#F48FB1,244,143,177,2
BgFHJQdAA-HhVQ.jpg,BgFHJQdAA-HhVQ,Untitled (Green and yellow in conversation),Fritz Kuhr,Bauhaus Dessau Foundation,/asset/untitled-green-and-yellow-in-conversation-fritz-kuhr/BgFHJQdAA-HhVQ,https://lh3.googleusercontent.com/ci/AL18g_SQJbu8dCCTDDLC9a4F85eOURRBLP-EoNo2W0nlBjO7rfC1m81J_2cGorR-R4UaHjoCjWwa1FM=w128-h128-c,#e1b9c3,225,185,195,0.7261445,PINK,#F48FB1,244,143,177,2
aAHYG8c44dPbiQ.jpg,aAHYG8c44dPbiQ,"""A METAPHOR OF THE PAINFUL-Solo Show of Tan Ping"": Beauty",Tan Ping,Today Art Museum,/asset/a-metaphor-of-the-painful-solo-show-of-tan-ping-beauty-tan-ping/aAHYG8c44dPbiQ,https://lh3.googleusercontent.com/ci/AL18g_RKu07C4mCkPnosMHEHrNh0SiqJYxLLBZbhcjQfaUL7g6GsiAjvGDXIl22BaNAPxuDxXdb88g=w128-h128-c,#e1b9c3,225,185,195,1.2513025,PINK,#F48FB1,244,143,177,2
rwER326qG6r7dg.jpg,rwER326qG6r7dg,I arrived in Court on the First Day of the Trial Wearing a Modern Suit a Pink Crimplene Suit! (John Marsden),Christine Dean,"Penrith Regional Gallery, Home of The Lewers Bequest",/asset/i-arrived-in-court-on-the-first-day-of-the-trial-wearing-a-modern-suit-a-pink-crimplene-suit-john-marsden-christine-dean/rwER326qG6r7dg,https://lh3.googleusercontent.com/ci/AL18g_Tsjo3osoidHDyLmhQjqnB2Ve0PznJPBC0lhsVfP6g08YD2YLRoGyq8BTRwvntrwmh-PGzHdzA=w128-h128-c,#e0b8d8,224,184,216,0.99601597,PINK,#F48FB1,244,143,177,2
sgFItj3uiN03_w.jpg,sgFItj3uiN03_w,Birthday party stil life,Antonín Střížek,Regional Gallery in Liberec,/asset/birthday-party-stil-life-antonín-střížek/sgFItj3uiN03_w,https://lh3.googleusercontent.com/ci/AL18g_RCVRn80Xy1_AA6pmB-FwAXQvOEWb8ILnk9IF8spVq2aOjiororbGVy929W189VHzobF-eZQOaq=w128-h128-c,#e0b8c6,224,184,198,1.1390587,PINK,#F48FB1,244,143,177,2
RgFcOEKUYbih4g.jpg,RgFcOEKUYbih4g,"Across the river (DMZ) 1, 2, 3",Kim Hye-ryeon,Gyeonggi Museum of Modern Art,/asset/across-the-river-dmz-1-2-3-kim-hye-ryeon/RgFcOEKUYbih4g,https://lh3.googleusercontent.com/ci/AL18g_QBDH0mXIkFwkXMWsfaqQ8-EcWAeKpN1jNMaqQfzk3shFlv9RSLwlxnLZyqauQK8nLJ9HZK9RY=w128-h128-c,#e0b8c5,224,184,197,2,PINK,#F48FB1,244,143,177,2
4AGgFn9AJYygdw.jpg,4AGgFn9AJYygdw,Is being called a fag at Penrith Station any different to being called a fag by a friend,Christine Dean,"Penrith Regional Gallery, Home of The Lewers Bequest",/asset/is-being-called-a-fag-at-penrith-station-any-different-to-being-called-a-fag-by-a-friend-christine-dean/4AGgFn9AJYygdw,https://lh3.googleusercontent.com/ci/AL18g_SE1RPIaEIsCuoYqBPaYLrEixQQ_BkmBc3kjjAevvon3zya5e8BNGSVmpwjYXJmUO9itT9oRe8=w128-h128-c,#e0b8d8,224,184,216,1.0088,PINK,#F48FB1,244,143,177,2
7wECXCAgRWFfvw.jpg,7wECXCAgRWFfvw,Saint Lucy,Unknown,The Metropolitan Museum of Art,/asset/saint-lucy/7wECXCAgRWFfvw,https://lh3.googleusercontent.com/ci/AL18g_S4UNltGsTfGuvkAh5giKlApzldvRjisoIW3UGEbgMLKqHXICCcet2iPVtI1NOKt83VjdFK4Kc=w128-h128-c,#e0b8d8,224,184,216,0.7427793,PINK,#F48FB1,244,143,177,2
YgETxKhb8dogVw.jpg,YgETxKhb8dogVw,Pink Landscape,Gallia Taranto,ArtsWestchester,/asset/pink-landscape-gallia-taranto/YgETxKhb8dogVw,https://lh3.googleusercontent.com/ci/AL18g_Sf5QaXOftV80J_qzw-Zh-YJPu_BLKD3bAaz0TPKMF3zM7tQhEeDuUgQXgATUYA7qn01FdsiiNt=w128-h128-c,#e0b8c5,224,184,197,1.3386471,PINK,#F48FB1,244,143,177,2
aAHoA5qtA19vOQ.jpg,aAHoA5qtA19vOQ,A Sunset at The Marshes,Nimat Mahmoud HIKMAT,Ibrahimi Collection,/asset/a-sunset-at-the-marshes-nimat-mahmoud-hikmat/aAHoA5qtA19vOQ,https://lh3.googleusercontent.com/ci/AL18g_SpfaNITWdXUyPAOC0RFRs3PQMQtEuUH5h3lPxvHX2dvE6kVFVd3ZytJfuHRPXPxLWxxXBEutpJ=w128-h128-c,#e1b9c3,225,185,195,1.2928572,PINK,#F48FB1,244,143,177,2
rwGM0mWVa5njOQ.jpg,rwGM0mWVa5njOQ,Still Life,JI WON KIM,Korean Art Museum Association,/asset/still-life-ji-won-kim/rwGM0mWVa5njOQ,https://lh3.googleusercontent.com/ci/AL18g_RCYfieLXDxKgFfWLOudzeUxeOEK7UMQgJ6hmPs1uTx5C5mstlJZyb7SobxCBPY0f0AF_iNxQ=w128-h128-c,#e0b8c5,224,184,197,0.66933334,PINK,#F48FB1,244,143,177,2
FgGlFX1XlTTjbQ.jpg,FgGlFX1XlTTjbQ,Wine Wasn't Drunk in Australia in Those Days it was Considered a Sissy Quaff! (John Marsden),Christine Dean,"Penrith Regional Gallery, Home of The Lewers Bequest",/asset/wine-wasn-t-drunk-in-australia-in-those-days-it-was-considered-a-sissy-quaff-john-marsden-christine-dean/FgGlFX1XlTTjbQ,https://lh3.googleusercontent.com/ci/AL18g_Q2oLUpvgd_IPYbfV7T6U7904br0bl5yLgS1g_GC3156PjXMHni6VGuKdf5qsgDqjHDm3TLw2M=w128-h128-c,#e0b8c4,224,184,196,0.99946696,PINK,#F48FB1,244,143,177,2
9QHX-Cnj-8VqFA.jpg,9QHX-Cnj-8VqFA,​Muryan,Bennett Stookey,Western Avenue Association,/asset/​muryan-bennett-stookey/9QHX-Cnj-8VqFA,https://lh3.googleusercontent.com/ci/AL18g_R1p5qEpCRzJA6iobY4ex2K_4DpiCF3dex8ub91U5Qw_FRJuKJ9xwzc_IW39RtCKA5lPJLT0QBv=w128-h128-c,#e1b9c3,225,185,195,0.65406203,PINK,#F48FB1,244,143,177,2
1QHHjJ_o3r8S9Q.jpg,1QHHjJ_o3r8S9Q,The Magician's Back,Nadir Tharani,Nafasi Art Space,/asset/the-magician-s-back-nadir-tharani/1QHHjJ_o3r8S9Q,https://lh3.googleusercontent.com/ci/AL18g_SQ0ELQCNiO1ERNOH5DDtv4Wga-5g-toow371SAXEJOY2Uh0bVIqU-akBpLD7UAMkyeq0mu2Jc=w128-h128-c,#e1b9c3,225,185,195,0.74629575,PINK,#F48FB1,244,143,177,2
DAEFK9FL9iJQrA.jpg,DAEFK9FL9iJQrA,When I Leave the Law I'll go Into Pig Farming (John Marsden),Christine Dean,"Penrith Regional Gallery, Home of The Lewers Bequest",/asset/when-i-leave-the-law-i-ll-go-into-pig-farming-john-marsden-christine-dean/DAEFK9FL9iJQrA,https://lh3.googleusercontent.com/ci/AL18g_QzBpvjUf5-2MeZqlSpkoxsNod6YtezP5Qu-Kum32H_MtgyNnBrxrJchfHhDML0d6tO87zc2Y_1=w128-h128-c,#e0b8d8,224,184,216,0.99946696,PINK,#F48FB1,244,143,177,2
iwGXpGzLkuioxA.jpg,iwGXpGzLkuioxA,Every time I drive past the Prospect Hwy Exit I think of you,Christine Dean,"Penrith Regional Gallery, Home of The Lewers Bequest",/asset/every-time-i-drive-past-the-prospect-hwy-exit-i-think-of-you-christine-dean/iwGXpGzLkuioxA,https://lh3.googleusercontent.com/ci/AL18g_TJlHyKTufT1VSXQ_YmqkWPVqDsgIjSoeT7d8ixx7zEEjaAw1dBkffRnp1YfhVNCX8iloUq_zw=w128-h128-c,#e0b8d1,224,184,209,1.0018667,PINK,#F48FB1,244,143,177,2
jwEewRQaOd3XWw.jpg,jwEewRQaOd3XWw,Celebration,Judith Murray,National Academy of Design,/asset/celebration-judith-murray/jwEewRQaOd3XWw,https://lh3.googleusercontent.com/ci/AL18g_RWYmBCT0wUQqsWhjIqfwMQvOL_s1_OlrbqLYQkSl5mL9I_JI_LnqRf9Njv7zGZ5v8BcrdLH_E=w128-h128-c,#e0b8c5,224,184,197,1.0741526,PINK,#F48FB1,244,143,177,2
IwE-OF1qRm13Kg.jpg,IwE-OF1qRm13Kg,Red Table or Mirage,Tsagaandariin Enkhjargal,Fukuoka Asian Art Museum,/asset/red-table-or-mirage-tsagaandariin-enkhjargal/IwE-OF1qRm13Kg,https://lh3.googleusercontent.com/ci/AL18g_ScqGfnA5wasKuJ0SBJwfNcTM93NMXrpojLGgsU3Rd78BA-vgP3THwgTIc5zXPb_rT5ySgZcsE=w128-h128-c,#e0b8d1,224,184,209,0.99426633,PINK,#F48FB1,244,143,177,2
ZQElyxn2Wk96ow.jpg,ZQElyxn2Wk96ow,Somersault,Akira Ikezoe,JaPigozzi Collection,/asset/somersault-akira-ikezoe/ZQElyxn2Wk96ow,https://lh3.googleusercontent.com/ci/AL18g_SRh0Lqho3ZzPTI-bGe00geWN0kBL9V5O-PS8B5IGza_46ODbI3qhbM2_vGCplx5l7Uu9lIoHA=w128-h128-c,#e0b8c5,224,184,197,1.4880953,PINK,#F48FB1,244,143,177,2
JwGgokHEsbf2Mg.jpg,JwGgokHEsbf2Mg,Wandering - After Hiroshima,Keiji Usami,Sezon Museum of Modern Art,/asset/wandering-after-hiroshima-keiji-usami/JwGgokHEsbf2Mg,https://lh3.googleusercontent.com/ci/AL18g_Rk1HRRYCzfzAFf6yn6BUOJpkY661qtsnTVwtRrYgr_c9GwLt78Ar3_drrHQ1bvwMgROkgzH0uv=w128-h128-c,#e1b9c3,225,185,195,1.3428065,PINK,#F48FB1,244,143,177,2
jgHGb0_A2vfC4g.jpg,jgHGb0_A2vfC4g,Red Cabbage,Kim Geonil,Korean Art Museum Association,/asset/red-cabbage-kim-geonil/jgHGb0_A2vfC4g,https://lh3.googleusercontent.com/ci/AL18g_RDqmsbMoNNULGT-vlnZQerGHqGtrCMXXIpRrW4FEOa7bqdggTk7W8blPrH7X_2YIioreEIrGU=w128-h128-c,#e1b9c3,225,185,195,0.66866666,PINK,#F48FB1,244,143,177,2
TAEEl3IDKuWF9Q.jpg,TAEEl3IDKuWF9Q,"Hey, Hey",Christine Dean,"Penrith Regional Gallery, Home of The Lewers Bequest",/asset/hey-hey-christine-dean/TAEEl3IDKuWF9Q,https://lh3.googleusercontent.com/ci/AL18g_QHJIAf293eEMRkuZUhixsNIAfsU0fiil7tKYehCJ7QoqjHqlf-Juyc9n3UoBpA8rd7eN-kOWE=w128-h128-c,#e1b9c3,225,185,195,1.4891161,PINK,#F48FB1,244,143,177,2
6wH97U8QLnBxNQ.jpg,6wH97U8QLnBxNQ,Colorado,Afro (Afro Basaldella),La Galleria Nazionale d’Arte Moderna e Contemporanea,/asset/colorado-afro-afro-basaldella/6wH97U8QLnBxNQ,https://lh3.googleusercontent.com/ci/AL18g_SsbD0SrHXdXkfG7hx-PDjUoxiAkUFVgpUUyksPFNkAbZVo0P16dLcyXZ9PPKKOma8QkaY7vA4=w128-h128-c,#e1b9c3,225,185,195,1.11,PINK,#F48FB1,244,143,177,2
7AHuLoGPAapwAA.jpg,7AHuLoGPAapwAA,Unexpected Appearance,Kim Geonil,Korean Art Museum Association,/asset/unexpected-appearance-kim-geonil/7AHuLoGPAapwAA,https://lh3.googleusercontent.com/ci/AL18g_SQYy6uT7rGdHuSvyPw-2RuDfrQCq4JcgOSjk22OlqMR2W7yhrQxTlhiFedkieRiRnCCoHdiwU=w128-h128-c,#e1b9c3,225,185,195,0.7808433,PINK,#F48FB1,244,143,177,2
RwEY71XgJBLnvg.jpg,RwEY71XgJBLnvg,Anemone,Matt Magee,"The Museum of Fine Arts, Houston",/asset/anemone-matt-magee/RwEY71XgJBLnvg,https://lh3.googleusercontent.com/ci/AL18g_RMLtuoWBUelfO6rxildB4oxNO8ElB5mYRQRP0Hrw4pjhYD9vO1ph-TvWgRrHtiSzqa9QX5eMU=w128-h128-c,#e0b8c8,224,184,200,0.43975,PINK,#F48FB1,244,143,177,2
VAEBIQKCEWZxAw.jpg,VAEBIQKCEWZxAw,Suspense,Mukaila Ayoade,"Yemisi Shyllon Museum of Art, Pan-Atlantic University",/asset/suspense-mukaila-ayoade/VAEBIQKCEWZxAw,https://lh3.googleusercontent.com/ci/AL18g_Sv8yLuRH2CklLhl-AsGdAyQkfP4wnTtUF5yduifOSq6_NFJPXJTKb2_HIFDU3Yt7yyn7jB5FQ=w128-h128-c,#e1b9c3,225,185,195,1.0672854,PINK,#F48FB1,244,143,177,2
TAF4uWc0XH8arQ.jpg,TAF4uWc0XH8arQ,Self Portrait,Lisa FATTAH,Ibrahimi Collection,/asset/self-portrait-lisa-fattah/TAF4uWc0XH8arQ,https://lh3.googleusercontent.com/ci/AL18g_S6oLC39V1ULNxJB-jasMYBlUmU5cFmZHOu2f1QXDRv-8iCNCs8EscakxuPj4ZL0nkDndtutc28=w128-h128-c,#e1b9c3,225,185,195,0.99786174,PINK,#F48FB1,244,143,177,2
8gGGOZstogh_-w.jpg,8gGGOZstogh_-w,David's room,Antonis Staveris,The Sotiris Felios Collection,/asset/david-s-room-antonis-staveris/8gGGOZstogh_-w,https://lh3.googleusercontent.com/ci/AL18g_RWhBa3bAtJ9xpfR5giMEXsNBx72_w9xfDUKv3EaP3xw5K1ZfkrCOxfDMHffFtvmdFfRsnVsrw=w128-h128-c,#e0b8c6,224,184,198,0.7582969,PINK,#F48FB1,244,143,177,2
JgHJPsqg5IjEjg.jpg,JgHJPsqg5IjEjg,Ghosts on a Construction Site,Achilleas Papacostas,The Sotiris Felios Collection,/asset/ghosts-on-a-construction-site-achilleas-papacostas/JgHJPsqg5IjEjg,https://lh3.googleusercontent.com/ci/AL18g_Qfkp6y28u_My1R48OgumNFe1b7LFImhuWf7HM7ox_MiWZ9VpKtyj1skpLrWEo_nw0TkOAPHRP8=w128-h128-c,#e0b8c8,224,184,200,0.7570023,PINK,#F48FB1,244,143,177,2
SgGZOWgRr77UmQ.jpg,SgGZOWgRr77UmQ,Mrs. Katherine Matthews,Thomas Sully,The Metropolitan Museum of Art,/asset/mrs-katherine-matthews-thomas-sully/SgGZOWgRr77UmQ,https://lh3.googleusercontent.com/ci/AL18g_T4NVBLZamW9P0XrHbrEJ_N_LyE6Ns6kKf7W05oZGrIVDyiz7iMXzKmek2YUVjsgW5OqL4mDhYy=w128-h128-c,#dcb8e0,220,184,224,0.8291279,PINK,#F48FB1,244,143,177,2
UAGrn_tKM9JYfw.jpg,UAGrn_tKM9JYfw,Two Days of Heaven,Iirumva Isaac,MILELE CONTEMPORARY LAB,/asset/two-days-of-heaven-iirumva-isaac/UAGrn_tKM9JYfw,https://lh3.googleusercontent.com/ci/AL18g_RCPGoUU2UvBX4FWVx8v_eDWPzeqPzhiWQQsFzBCdWLAMcnH8Xq4pQbyj1U_QpvB3IMNLICKoA=w128-h128-c,#e0b8c5,224,184,197,0.72235376,PINK,#F48FB1,244,143,177,2
BwHmmOTw2VMDXQ.jpg,BwHmmOTw2VMDXQ,"Thom, Emma and Damian in the Studio",Peter Dudding,Studio A,/asset/thom-emma-and-damian-in-the-studio-peter-dudding/BwHmmOTw2VMDXQ,https://lh3.googleusercontent.com/ci/AL18g_Ruy3mMolufSZ1L1IInShHKaYBitV7lqYe1AVh9bPU0aN8nQDDhDrTTOVVxfFb0GfMhVAAlJQ=w128-h128-c,#e0b8c4,224,184,196,1.2662038,PINK,#F48FB1,244,143,177,2
TwGv-86v2fzQ3Q.jpg,TwGv-86v2fzQ3Q,Life in pink,Fernando Peña Defilló,Museo Fernando Peña Defilló,/asset/life-in-pink-fernando-peña-defilló/TwGv-86v2fzQ3Q,https://lh3.googleusercontent.com/ci/AL18g_Qq0Kp-Swh-TLUzW0M_sn-mXvsQdjcDFV2xPp0CmHerXfxhQwmzlnhzdrHlLkSZQm5GpkyWkQ=w128-h128-c,#e1b9c3,225,185,195,0.8855893,PINK,#F48FB1,244,143,177,2
DAEnyUtboVM3_g.jpg,DAEnyUtboVM3_g,Self portrait with Philome and Seneque,Antoine Obin,Haitian Art Society,/asset/self-portrait-with-philome-and-seneque-antoine-obin/DAEnyUtboVM3_g,https://lh3.googleusercontent.com/ci/AL18g_Tm2DT_qahAL7bwW3oCPVgqdhxJn7dHcpBrJ-RKwMdPAMKRqcfRQ7IrZfLt4w2ZpjbgX1RsYII=w128-h128-c,#e0b8c5,224,184,197,1.221374,PINK,#F48FB1,244,143,177,2
8QFGQAfkWx3Cug.jpg,8QFGQAfkWx3Cug,Sohni,Arpana Caur,Academy of Fine Arts and Literature,/asset/sohni-arpana-caur/8QFGQAfkWx3Cug,https://lh3.googleusercontent.com/ci/AL18g_Qno4YpLEC8SM5JzHijC1r7wWoxoJhlHrjsmeXMz9UsMERX3joo7i8LKUd7-iz5rocccacWHbqu=w128-h128-c,#e0b8c4,224,184,196,1.4008942,PINK,#F48FB1,244,143,177,2
bQFi7skpDAzLiA.jpg,bQFi7skpDAzLiA,Crescent Motifs,Naziha SELIM,Ibrahimi Collection,/asset/crescent-motifs-naziha-selim/bQFi7skpDAzLiA,https://lh3.googleusercontent.com/ci/AL18g_RwGcBPP9WIgTYlbv9bRxfM2kH6l8e4UMysBm32KGOqAdRmGQeFOeZ8WQMkHTcQ6HeEXbEA3ZqU=w128-h128-c,#e0b8c4,224,184,196,0.8043544,PINK,#F48FB1,244,143,177,2
1gFlVfh_S8Zpug.jpg,1gFlVfh_S8Zpug,Moments of people II,Manuel Molano,Asociación Española de Pintores y Escultores,/asset/moments-of-people-ii-manuel-molano/1gFlVfh_S8Zpug,https://lh3.googleusercontent.com/ci/AL18g_Qt3OobmwVZ72JjqNBj7JeucoDFKPId-RlbU42hrtOzVSk4U1pcz8Dh8sbPqkip21rwmdst8f8=w128-h128-c,#e0b8c5,224,184,197,0.7784497,PINK,#F48FB1,244,143,177,2
MAGI_3TUoczSbw.jpg,MAGI_3TUoczSbw,Joseph W. Drexel,Jacob Hart Lazarus,The Metropolitan Museum of Art,/asset/joseph-w-drexel-jacob-hart-lazarus/MAGI_3TUoczSbw,https://lh3.googleusercontent.com/ci/AL18g_QUXCu06M9VKqDXmH2wnyRP413Yk0GtdFE4KWOt5EM9GADE1xuaebgPYOkiGDiqzFPVPtdohg=w128-h128-c,#dcb8e0,220,184,224,0.82345134,PINK,#F48FB1,244,143,177,2
EAHA_QWeI8OiCA.jpg,EAHA_QWeI8OiCA,Terracotta oil lamp,Unknown,The Metropolitan Museum of Art,/asset/terracotta-oil-lamp/EAHA_QWeI8OiCA,https://lh3.googleusercontent.com/ci/AL18g_Q3esQAEBsw5__tywjtbuBZGyFt7GBxygyLuGCCmK-mj2xERCSHYnT8ON0XN1KmJ1E65L4HvXQ=w128-h128-c,#e0b8e0,224,184,224,1,PINK,#F48FB1,244,143,177,2
zwEq98gPnvlIpw.jpg,zwEq98gPnvlIpw,Morning,Sofija Sellare,Imago Mundi,/asset/morning-sofija-sellare/zwEq98gPnvlIpw,https://lh3.googleusercontent.com/ci/AL18g_RhQy1LRSpi1gFgHtQR1BCdF-S5z4M7SMuNmqxJ9-cPi6pnfB3XYe4pQyWLud8rk4exOswwC84=w128-h128-c,#e1b9c3,225,185,195,1.2,PINK,#F48FB1,244,143,177,2
LgHpAR5sRD-C2Q.jpg,LgHpAR5sRD-C2Q,Untitled,Iberê Camargo,Iberê Camargo Foundation,/asset/untitled-iberê-camargo/LgHpAR5sRD-C2Q,https://lh3.googleusercontent.com/ci/AL18g_RqcgBKEpTb61GRwRsNc23Nbia1crrSKNqyFDY1scAT8bg-SkMROmBwJ77mfEdIgSXp9E4CWFo=w128-h128-c,#e0b8c5,224,184,197,0.72606295,PINK,#F48FB1,244,143,177,2
9gGwUETvgOTEkQ.jpg,9gGwUETvgOTEkQ,Solemnity,Júlio Resende,Rede Portuguesa de Arte Contemporânea a Norte (RPAC – Norte),/asset/solemnity-júlio-resende/9gGwUETvgOTEkQ,https://lh3.googleusercontent.com/ci/AL18g_SBXmqpDFJAZG5x2Absm0VPPS1BNw79SOnvY-SuNLnQlj31arcxDz9kVesTvcxDYMEe0kt1aNo=w128-h128-c,#e1b9c3,225,185,195,0.718779,PINK,#F48FB1,244,143,177,2
oQGvqa6WRAhD7Q.jpg,oQGvqa6WRAhD7Q,Southern Light 7,Trevor Bell,Florida State University Museum of Fine Arts,/asset/southern-light-7-trevor-bell/oQGvqa6WRAhD7Q,https://lh3.googleusercontent.com/ci/AL18g_RFU9atyIn8a2ptE0lCOwozpZ2YueC_cnTRlS8jiRqnAsQjbsB8joaNQVJAqKFB3rOch3pgWzY=w128-h128-c,#e0b8d7,224,184,215,0.66067594,PINK,#F48FB1,244,143,177,2
dAHdV4h3EOGClQ.jpg,dAHdV4h3EOGClQ,Little Red Arabesque,Unknown,Dallas Museum of Art,/asset/little-red-arabesque/dAHdV4h3EOGClQ,https://lh3.googleusercontent.com/ci/AL18g_RIZzPCua7bq5XczMm1q-AEyXHbslI-T5adJCsEWjsK6AQvZTyQRIlG9aIiuYH3S99MhZT-0D8=w128-h128-c,#e0b8c5,224,184,197,0.5405,PINK,#F48FB1,244,143,177,2
fAGv-_0ArE-M2A.jpg,fAGv-_0ArE-M2A,Terracotta oil lamp,Unknown,The Metropolitan Museum of Art,/asset/terracotta-oil-lamp/fAGv-_0ArE-M2A,https://lh3.googleusercontent.com/ci/AL18g_TPdX7gZlxA-Shx9xHT4BBJjQ__5p11A8iVdRNmoj-awZ_UIdcOeGwiPOD7NEM6g_sg9JWt4sk=w128-h128-c,#e0b8e0,224,184,224,1,PINK,#F48FB1,244,143,177,2
OQGrnRljqIJe0A.jpg,OQGrnRljqIJe0A,2 People and the Red Mountain,Saad AL-TAI,Ibrahimi Collection,/asset/2-people-and-the-red-mountain-saad-al-tai/OQGrnRljqIJe0A,https://lh3.googleusercontent.com/ci/AL18g_Rs389VC24ji7jkHOnraMbQMoxlwh3GBt7fYRj32RvIQPZnXpWxDzMClnlAl9gjEDdlUyF2POg=w128-h128-c,#e0b8c4,224,184,196,1.1873279,PINK,#F48FB1,244,143,177,2
